Gucci,2,MEDIUM
Guest2544,4,MEDIUM
Guest2544,3,MEDIUM
Guest193,0,MEDIUM
Guest193,0,MEDIUM
Guest985,1,MEDIUM
Guest1236,0,MEDIUM
Guest1236,0,MEDIUM
Guest1236,0,MEDIUM
Guest1236,1,MEDIUM
Guest1125,3,EASY
Guest1125,0,EASY
Guest1125,3,EASY
Guest1125,4,EASY
Guest1125,5,EASY
Guest4768,2,MEDIUM
Guest4768,0,MEDIUM
Guest4768,0,MEDIUM
Guest4768,2,MEDIUM
Guest4768,0,MEDIUM
Guest4768,0,MEDIUM
Guest4768,3,MEDIUM
Guest4768,0,MEDIUM
Guest4768,0,MEDIUM
Guest4768,6,MEDIUM
Guest4768,3,MEDIUM
Guest4768,0,MEDIUM
Guest4768,4,MEDIUM
Guest4768,4,MEDIUM
Guest4768,2,MEDIUM
Guest4768,5,MEDIUM
Guest4768,2,MEDIUM
Guest4768,1,MEDIUM
Guest4768,0,MEDIUM
Guest4768,0,MEDIUM
Guest4768,1,MEDIUM
Guest4768,1,MEDIUM
Guest4768,3,MEDIUM
Guest4768,3,MEDIUM
Guest4768,1,MEDIUM
Guest4768,1,MEDIUM
Guest4768,4,MEDIUM
Guest4768,1,MEDIUM
Guest4768,6,MEDIUM
Guest4768,0,MEDIUM
Guest4768,7,MEDIUM
Guest4768,1,MEDIUM
Guest4768,2,MEDIUM
Guest4768,2,MEDIUM
Guest4768,0,MEDIUM
Guest4768,2,MEDIUM
Guest4768,1,MEDIUM
Guest4768,1,MEDIUM
Guest4768,0,MEDIUM
Guest4768,5,MEDIUM
Guest4768,0,MEDIUM
Guest4768,1,MEDIUM
Guest4768,2,MEDIUM
Guest4768,2,MEDIUM
Guest4768,0,MEDIUM
Guest4768,0,MEDIUM
Guest4768,1,MEDIUM
Guest4768,1,MEDIUM
Guest4768,6,MEDIUM
Guest4768,0,MEDIUM
Guest4768,4,MEDIUM
Guest4768,1,MEDIUM
Guest4768,2,MEDIUM
Guest4768,1,MEDIUM
Guest4768,1,MEDIUM
Guest4768,0,MEDIUM
Guest4768,4,MEDIUM
Guest4768,0,MEDIUM
Guest4768,7,MEDIUM
Guest4768,0,MEDIUM
Guest4768,0,MEDIUM
Guest4768,0,MEDIUM
Guest4768,0,MEDIUM
Guest4768,9,MEDIUM
Guest4768,1,MEDIUM
Guest4768,0,MEDIUM
Guest4768,2,MEDIUM
Guest4768,2,MEDIUM
Guest4768,1,MEDIUM
Guest4768,0,MEDIUM
Guest4768,1,MEDIUM
Guest4768,1,MEDIUM
Guest4768,0,MEDIUM
Guest4768,0,MEDIUM
Guest4768,3,MEDIUM
Guest656,0,MEDIUM
Guest656,0,MEDIUM
Ruben,0,MEDIUM
Ruben,2,MEDIUM
Guest3897,3,MEDIUM
Guest2412,0,MEDIUM
Guest2412,4,MEDIUM
Guest3040,6,MEDIUM
Guest2657,0,EASY
Guest2657,0,EASY
Guest2657,0,EASY
Guest2657,4,EASY
Guest4173,2,EASY
Guest4201,0,EASY
Guest1877,0,MEDIUM
Guest2489,0,MEDIUM
Guest1653,2,EASY
Guest1653,0,EASY
